entity_type,entity_id,parameter,value,unit,classification,source_ref,effective_at,notes,review_status
PIPE,,pipe_id,,TEXT,,,,,DRAFT
PIPE,,from_node_id,,TEXT,,,,,DRAFT
PIPE,,to_node_id,,TEXT,,,,,DRAFT
PIPE,,length_m,,m,,,,,DRAFT
PIPE,,diameter_mm,,mm,,,,,DRAFT
PIPE,,hazen_c,,1,,,,,DRAFT
NODE,,elevation_m,,m,,,,,DRAFT
NODE,,base_demand_m3s,,m3/s,,,,,DRAFT
SOURCE,,head_m,,m,,,,,DRAFT
VALVE,,type,,TEXT,,,,,DRAFT
VALVE,,diameter_mm,,mm,,,,,DRAFT
VALVE,,setting,,1,,,,,DRAFT
VALVE,,status,,TEXT,,,,,DRAFT
PUMP,,curve_ref,,TEXT,,,,,DRAFT
PUMP,,status,,TEXT,,,,,DRAFT
TANK,,base_elevation_m,,m,,,,,DRAFT
TANK,,initial_level_m,,m,,,,,DRAFT
TANK,,min_level_m,,m,,,,,DRAFT
TANK,,max_level_m,,m,,,,,DRAFT
TANK,,diameter_m,,m,,,,,DRAFT
MODEL,,equipment_inventory_status,,TEXT,,,,,DRAFT
PATTERN,,multipliers_json,,JSON,,,,,DRAFT
